protocol,Speedup_branch_cov_%_xpgfuzz_vs_aflnet,Speedup_branch_cov_%_xpgfuzz_vs_chatafl,Speedup_line_cov_%_xpgfuzz_vs_aflnet,Speedup_line_cov_%_xpgfuzz_vs_chatafl,Speedup_states_xpgfuzz_vs_aflnet,Speedup_states_xpgfuzz_vs_chatafl,Speedup_transitions_xpgfuzz_vs_aflnet,Speedup_transitions_xpgfuzz_vs_chatafl
bftpd,3.0668953687821614,1.5126416739319966,3.5162241887905608,2.9759862778730706,8.861386138613861,8.591584158415841,3.951434878587196,2.019197207678883
forked-daapd,2.1809601360209765,4.8740513820232545,2.3986200681517365,6.530308919326504,10.458560311284048,,1.7805490001242081,
kamailio,1.7877282325176995,3.7627934662721687,1.8627615929180634,3.633316146700589,6.082200077467516,19.248231079265565,2.209616840984915,8.126545660805446
lighttpd1,,1.152388172858226,1.311519773663817,1.2531776021985572,1.6940422501780206,1.4365851728776011,3.9221469133540943,
live555,88.20494335736356,151.96062433487054,161.05114704776233,390.4986326344577,719.425,717.2383333333335,7.266307549869539,4.005426284437826
proftpd,6.54061356770952,5.489661845589734,9.16094739975337,7.353126758641862,,,,
pure-ftpd,35.681855840927916,,55.535783365570595,,4.682759745555374,256.4011976047904,12.225691980127749,36.64441591784338

